Workbook

Sheet Stock Plan
A1: Week | B1: Opening Stock (Units) | C1: Receipts (Units) | D1: Planned Sales (Units) | E1: Closing Stock (Units) | F1: ROS | G1: WOS | H1: Sell-through % | I1: Stock-to-Sales | J1: Action / Comment | K1: Actual Sales (Units)
A2: 1 | B2: 0 | C2: 0 | D2: 0 | E2: =B2+C2-D2 -> 0 | F2: =D2 -> 0 | G2: =IF(F2=0,"",E2/F2) | H2: =IF(B2+C2=0,"",D2/(B2+C2)) | I2: =IF(D2=0,"",E2/D2) | K2: 0
A3: 2 | B3: 0 | C3: 0 | D3: 0 | E3: =B3+C3-D3 -> 0 | F3: =D3 -> 0 | G3: =IF(F3=0,"",E3/F3) | H3: =IF(B3+C3=0,"",D3/(B3+C3)) | I3: =IF(D3=0,"",E3/D3) | K3: 0
A4: 3 | B4: 0 | C4: 0 | D4: 0 | E4: =B4+C4-D4 -> 0 | F4: =D4 -> 0 | G4: =IF(F4=0,"",E4/F4) | H4: =IF(B4+C4=0,"",D4/(B4+C4)) | I4: =IF(D4=0,"",E4/D4) | K4: 0
A5: 4 | B5: 0 | C5: 0 | D5: 0 | E5: =B5+C5-D5 -> 0 | F5: =D5 -> 0 | G5: =IF(F5=0,"",E5/F5) | H5: =IF(B5+C5=0,"",D5/(B5+C5)) | I5: =IF(D5=0,"",E5/D5) | K5: 0
A6: 5 | B6: 0 | C6: 0 | D6: 0 | E6: =B6+C6-D6 -> 0 | F6: =D6 -> 0 | G6: =IF(F6=0,"",E6/F6) | H6: =IF(B6+C6=0,"",D6/(B6+C6)) | I6: =IF(D6=0,"",E6/D6) | K6: 0
A7: 6 | B7: 0 | C7: 0 | D7: 0 | E7: =B7+C7-D7 -> 0 | F7: =D7 -> 0 | G7: =IF(F7=0,"",E7/F7) | H7: =IF(B7+C7=0,"",D7/(B7+C7)) | I7: =IF(D7=0,"",E7/D7) | K7: 0
A8: 7 | B8: 0 | C8: 0 | D8: 0 | E8: =B8+C8-D8 -> 0 | F8: =D8 -> 0 | G8: =IF(F8=0,"",E8/F8) | H8: =IF(B8+C8=0,"",D8/(B8+C8)) | I8: =IF(D8=0,"",E8/D8) | K8: 0
A9: 8 | B9: 0 | C9: 0 | D9: 0 | E9: =B9+C9-D9 -> 0 | F9: =D9 -> 0 | G9: =IF(F9=0,"",E9/F9) | H9: =IF(B9+C9=0,"",D9/(B9+C9)) | I9: =IF(D9=0,"",E9/D9) | K9: 0
A10: 9 | B10: 0 | C10: 0 | D10: 0 | E10: =B10+C10-D10 -> 0 | F10: =D10 -> 0 | G10: =IF(F10=0,"",E10/F10) | H10: =IF(B10+C10=0,"",D10/(B10+C10)) | I10: =IF(D10=0,"",E10/D10) | K10: 0
A11: 10 | B11: 0 | C11: 0 | D11: 0 | E11: =B11+C11-D11 -> 0 | F11: =D11 -> 0 | G11: =IF(F11=0,"",E11/F11) | H11: =IF(B11+C11=0,"",D11/(B11+C11)) | I11: =IF(D11=0,"",E11/D11) | K11: 0
A12: 11 | B12: 0 | C12: 0 | D12: 0 | E12: =B12+C12-D12 -> 0 | F12: =D12 -> 0 | G12: =IF(F12=0,"",E12/F12) | H12: =IF(B12+C12=0,"",D12/(B12+C12)) | I12: =IF(D12=0,"",E12/D12) | K12: 0
A13: 12 | B13: 0 | C13: 0 | D13: 0 | E13: =B13+C13-D13 -> 0 | F13: =D13 -> 0 | G13: =IF(F13=0,"",E13/F13) | H13: =IF(B13+C13=0,"",D13/(B13+C13)) | I13: =IF(D13=0,"",E13/D13) | K13: 0
... A27: 26 | B27: 0 | C27: 0 | D27: 0 | E27: =B27+C27-D27 -> 0 | F27: =D27 -> 0 | G27: =IF(F27=0,"",E27/F27) | H27: =IF(B27+C27=0,"",D27/(B27+C27)) | I27: =IF(D27=0,"",E27/D27) | K27: 0

Sheet Stock Summary
A1: Metric | B1: Value
A2: Total Planned Sales (Units) | B2: =SUM('Stock Plan'!D2:D27) -> 0
A3: Total Receipts (Units) | B3: =SUM('Stock Plan'!C2:C27) -> 0
A4: Ending Closing Stock (Units) | B4: ='Stock Plan'!E27 -> 0
A5: Average WOS | B5: =IFERROR(AVERAGE('Stock Plan'!G2:G27),0) -> 0
A6: Average Sell-through | B6: =IFERROR(AVERAGE('Stock Plan'!H2:H27),0) -> 0

Sheet Exercise Guide
A1: Step | B1: Task
A2: 1 | B2: Choose a category such as shirts, polos or denim.
A3: 2 | B3: Enter opening stock for each week.
A4: 3 | B4: Enter planned receipts / intake.
A5: 4 | B5: Enter planned weekly sales.
A6: 5 | B6: Review closing stock and WOS.
A7: 6 | B7: Review sell-through and stock-to-sales.
A8: 7 | B8: Flag weeks where WOS is too low or too high.
A9: 8 | B9: Use Action / Comment to decide whether to add, delay or reduce receipts.
A10: 9 | B10: Enter actual sales after trading and compare plan with reality.
