Workbook

Sheet WSSI
A1: Week | B1: Opening Stock | C1: Sales Plan | D1: Actual Sales | E1: Planned Receipts | F1: Actual Receipts | G1: Closing Stock Plan | H1: Closing Stock Actual | I1: WOS Plan | J1: WOS Actual | K1: Sell-through Plan | L1: Sell-through Actual | M1: Action / Comment
A2: 1 | B2: 0 | C2: 0 | D2: 0 | E2: 0 | F2: 0 | G2: =B2+E2-C2 -> 0 | H2: =B2+F2-D2 -> 0 | I2: =IF(C2=0,"",G2/C2) | J2: =IF(D2=0,"",H2/D2) | K2: =IF(B2+E2=0,"",C2/(B2+E2)) | L2: =IF(B2+F2=0,"",D2/(B2+F2))
A3: 2 | B3: 0 | C3: 0 | D3: 0 | E3: 0 | F3: 0 | G3: =B3+E3-C3 -> 0 | H3: =B3+F3-D3 -> 0 | I3: =IF(C3=0,"",G3/C3) | J3: =IF(D3=0,"",H3/D3) | K3: =IF(B3+E3=0,"",C3/(B3+E3)) | L3: =IF(B3+F3=0,"",D3/(B3+F3))
A4: 3 | B4: 0 | C4: 0 | D4: 0 | E4: 0 | F4: 0 | G4: =B4+E4-C4 -> 0 | H4: =B4+F4-D4 -> 0 | I4: =IF(C4=0,"",G4/C4) | J4: =IF(D4=0,"",H4/D4) | K4: =IF(B4+E4=0,"",C4/(B4+E4)) | L4: =IF(B4+F4=0,"",D4/(B4+F4))
A5: 4 | B5: 0 | C5: 0 | D5: 0 | E5: 0 | F5: 0 | G5: =B5+E5-C5 -> 0 | H5: =B5+F5-D5 -> 0 | I5: =IF(C5=0,"",G5/C5) | J5: =IF(D5=0,"",H5/D5) | K5: =IF(B5+E5=0,"",C5/(B5+E5)) | L5: =IF(B5+F5=0,"",D5/(B5+F5))
A6: 5 | B6: 0 | C6: 0 | D6: 0 | E6: 0 | F6: 0 | G6: =B6+E6-C6 -> 0 | H6: =B6+F6-D6 -> 0 | I6: =IF(C6=0,"",G6/C6) | J6: =IF(D6=0,"",H6/D6) | K6: =IF(B6+E6=0,"",C6/(B6+E6)) | L6: =IF(B6+F6=0,"",D6/(B6+F6))
A7: 6 | B7: 0 | C7: 0 | D7: 0 | E7: 0 | F7: 0 | G7: =B7+E7-C7 -> 0 | H7: =B7+F7-D7 -> 0 | I7: =IF(C7=0,"",G7/C7) | J7: =IF(D7=0,"",H7/D7) | K7: =IF(B7+E7=0,"",C7/(B7+E7)) | L7: =IF(B7+F7=0,"",D7/(B7+F7))
A8: 7 | B8: 0 | C8: 0 | D8: 0 | E8: 0 | F8: 0 | G8: =B8+E8-C8 -> 0 | H8: =B8+F8-D8 -> 0 | I8: =IF(C8=0,"",G8/C8) | J8: =IF(D8=0,"",H8/D8) | K8: =IF(B8+E8=0,"",C8/(B8+E8)) | L8: =IF(B8+F8=0,"",D8/(B8+F8))
A9: 8 | B9: 0 | C9: 0 | D9: 0 | E9: 0 | F9: 0 | G9: =B9+E9-C9 -> 0 | H9: =B9+F9-D9 -> 0 | I9: =IF(C9=0,"",G9/C9) | J9: =IF(D9=0,"",H9/D9) | K9: =IF(B9+E9=0,"",C9/(B9+E9)) | L9: =IF(B9+F9=0,"",D9/(B9+F9))
A10: 9 | B10: 0 | C10: 0 | D10: 0 | E10: 0 | F10: 0 | G10: =B10+E10-C10 -> 0 | H10: =B10+F10-D10 -> 0 | I10: =IF(C10=0,"",G10/C10) | J10: =IF(D10=0,"",H10/D10) | K10: =IF(B10+E10=0,"",C10/(B10+E10)) | L10: =IF(B10+F10=0,"",D10/(B10+F10))
A11: 10 | B11: 0 | C11: 0 | D11: 0 | E11: 0 | F11: 0 | G11: =B11+E11-C11 -> 0 | H11: =B11+F11-D11 -> 0 | I11: =IF(C11=0,"",G11/C11) | J11: =IF(D11=0,"",H11/D11) | K11: =IF(B11+E11=0,"",C11/(B11+E11)) | L11: =IF(B11+F11=0,"",D11/(B11+F11))
A12: 11 | B12: 0 | C12: 0 | D12: 0 | E12: 0 | F12: 0 | G12: =B12+E12-C12 -> 0 | H12: =B12+F12-D12 -> 0 | I12: =IF(C12=0,"",G12/C12) | J12: =IF(D12=0,"",H12/D12) | K12: =IF(B12+E12=0,"",C12/(B12+E12)) | L12: =IF(B12+F12=0,"",D12/(B12+F12))
A13: 12 | B13: 0 | C13: 0 | D13: 0 | E13: 0 | F13: 0 | G13: =B13+E13-C13 -> 0 | H13: =B13+F13-D13 -> 0 | I13: =IF(C13=0,"",G13/C13) | J13: =IF(D13=0,"",H13/D13) | K13: =IF(B13+E13=0,"",C13/(B13+E13)) | L13: =IF(B13+F13=0,"",D13/(B13+F13))
... A27: 26 | B27: 0 | C27: 0 | D27: 0 | E27: 0 | F27: 0 | G27: =B27+E27-C27 -> 0 | H27: =B27+F27-D27 -> 0 | I27: =IF(C27=0,"",G27/C27) | J27: =IF(D27=0,"",H27/D27) | K27: =IF(B27+E27=0,"",C27/(B27+E27)) | L27: =IF(B27+F27=0,"",D27/(B27+F27))

Sheet WSSI Summary
A1: Metric | B1: Value
A2: Total Sales Plan | B2: =SUM(WSSI!C2:C27) -> 0
A3: Total Actual Sales | B3: =SUM(WSSI!D2:D27) -> 0
A4: Total Planned Receipts | B4: =SUM(WSSI!E2:E27) -> 0
A5: Total Actual Receipts | B5: =SUM(WSSI!F2:F27) -> 0
A6: Ending Planned Stock | B6: =WSSI!G27 -> 0
A7: Ending Actual Stock | B7: =WSSI!H27 -> 0
A8: Average Plan WOS | B8: =IFERROR(AVERAGE(WSSI!I2:I27),0) -> 0
A9: Average Actual WOS | B9: =IFERROR(AVERAGE(WSSI!J2:J27),0) -> 0
A10: Average Plan Sell-through | B10: =IFERROR(AVERAGE(WSSI!K2:K27),0) -> 0
A11: Average Actual Sell-through | B11: =IFERROR(AVERAGE(WSSI!L2:L27),0) -> 0

Sheet Exercise Guide
A1: Step | B1: Task
A2: 1 | B2: Enter a 26-week sales plan.
A3: 2 | B3: Enter actual sales as trading happens.
A4: 3 | B4: Enter planned and actual receipts.
A5: 4 | B5: Review planned versus actual closing stock.
A6: 5 | B6: Review WOS plan versus actual.
A7: 6 | B7: Review sell-through plan versus actual.
A8: 7 | B8: Use Action / Comment to explain the required commercial response.
A9: 8 | B9: Identify three weeks where the WSSI suggests a change in intake, allocation, replenishment or markdown timing.
