Workbook

Sheet OTB Plan
A1: Month | B1: Planned Sales (₹) | C1: Desired Closing Stock (₹) | D1: Opening Stock (₹) | E1: Committed Receipts (₹) | F1: OTB Retail (₹) | G1: Cost-to-Retail % | H1: OTB Cost (₹) | I1: Actual Orders (₹) | J1: Remaining OTB (₹) | K1: Action / Comment
A2: Apr | B2: 0 | C2: 0 | D2: 0 | E2: 0 | F2: =B2+C2-D2-E2 -> 0 | G2: 0.3 | H2: =F2*G2 -> 0 | I2: 0 | J2: =F2-I2 -> 0
A3: May | B3: 0 | C3: 0 | D3: 0 | E3: 0 | F3: =B3+C3-D3-E3 -> 0 | G3: 0.3 | H3: =F3*G3 -> 0 | I3: 0 | J3: =F3-I3 -> 0
A4: Jun | B4: 0 | C4: 0 | D4: 0 | E4: 0 | F4: =B4+C4-D4-E4 -> 0 | G4: 0.3 | H4: =F4*G4 -> 0 | I4: 0 | J4: =F4-I4 -> 0
A5: Jul | B5: 0 | C5: 0 | D5: 0 | E5: 0 | F5: =B5+C5-D5-E5 -> 0 | G5: 0.3 | H5: =F5*G5 -> 0 | I5: 0 | J5: =F5-I5 -> 0
A6: Aug | B6: 0 | C6: 0 | D6: 0 | E6: 0 | F6: =B6+C6-D6-E6 -> 0 | G6: 0.3 | H6: =F6*G6 -> 0 | I6: 0 | J6: =F6-I6 -> 0
A7: Sep | B7: 0 | C7: 0 | D7: 0 | E7: 0 | F7: =B7+C7-D7-E7 -> 0 | G7: 0.3 | H7: =F7*G7 -> 0 | I7: 0 | J7: =F7-I7 -> 0
A8: Oct | B8: 0 | C8: 0 | D8: 0 | E8: 0 | F8: =B8+C8-D8-E8 -> 0 | G8: 0.3 | H8: =F8*G8 -> 0 | I8: 0 | J8: =F8-I8 -> 0
A9: Nov | B9: 0 | C9: 0 | D9: 0 | E9: 0 | F9: =B9+C9-D9-E9 -> 0 | G9: 0.3 | H9: =F9*G9 -> 0 | I9: 0 | J9: =F9-I9 -> 0
A10: Dec | B10: 0 | C10: 0 | D10: 0 | E10: 0 | F10: =B10+C10-D10-E10 -> 0 | G10: 0.3 | H10: =F10*G10 -> 0 | I10: 0 | J10: =F10-I10 -> 0
A11: Jan | B11: 0 | C11: 0 | D11: 0 | E11: 0 | F11: =B11+C11-D11-E11 -> 0 | G11: 0.3 | H11: =F11*G11 -> 0 | I11: 0 | J11: =F11-I11 -> 0
A12: Feb | B12: 0 | C12: 0 | D12: 0 | E12: 0 | F12: =B12+C12-D12-E12 -> 0 | G12: 0.3 | H12: =F12*G12 -> 0 | I12: 0 | J12: =F12-I12 -> 0
A13: Mar | B13: 0 | C13: 0 | D13: 0 | E13: 0 | F13: =B13+C13-D13-E13 -> 0 | G13: 0.3 | H13: =F13*G13 -> 0 | I13: 0 | J13: =F13-I13 -> 0
A14: TOTAL | B14: =SUM(B2:B13) -> 0 | C14: =SUM(C2:C13) -> 0 | D14: =SUM(D2:D13) -> 0 | E14: =SUM(E2:E13) -> 0 | F14: =SUM(F2:F13) -> 0 | H14: =SUM(H2:H13) -> 0 | I14: =SUM(I2:I13) -> 0 | J14: =SUM(J2:J13) -> 0

Sheet OTB Summary
A1: Metric | B1: Value
A2: Annual Planned Sales | B2: =SUM('OTB Plan'!B2:B13) -> 0
A3: Annual Retail OTB | B3: =SUM('OTB Plan'!F2:F13) -> 0
A4: Annual OTB at Cost | B4: =SUM('OTB Plan'!H2:H13) -> 0
A5: Actual Orders | B5: =SUM('OTB Plan'!I2:I13) -> 0
A6: Remaining OTB | B6: =SUM('OTB Plan'!J2:J13) -> 0

Sheet Exercise Guide
A1: Step | B1: Task
A2: 1 | B2: Enter planned monthly sales.
A3: 2 | B3: Enter desired closing stock.
A4: 3 | B4: Enter opening stock and committed receipts.
A5: 4 | B5: Review calculated OTB at retail.
A6: 5 | B6: Adjust the Cost-to-Retail % assumption and observe OTB at cost.
A7: 6 | B7: Enter actual orders.
A8: 7 | B8: Review remaining OTB.
A9: 8 | B9: Use Action / Comment to explain whether buying should accelerate, slow down or remain unchanged.
